shipment_id,order_date,vehicle_type,region,weather_condition,distance_km,delivery_time_hr,delivery_cost,customer_rating
SHIP1000,2026-01-01 00:00:00,Truck,North,Clear,26.76,2.77,427.0,3.0
SHIP1001,2026-01-01 07:00:00,Mini-Truck,North,Fog,16.71,5.46,367.01,4.0
SHIP1002,2026-01-01 14:00:00,Bike,North,Clear,30.67,3.82,314.81,1.0
SHIP1003,2026-01-01 21:00:00,Truck,Central,Clear,36.46,2.79,393.82,4.0
SHIP1004,2026-01-02 04:00:00,Van,West,Fog,15.43,3.95,,
SHIP1005,2026-01-02 11:00:00,Van,Central,Clear,14.39,3.54,362.98,2.0
SHIP1006,2026-01-02 18:00:00,Van,West,Rain,19.19,2.91,599.29,1.0
SHIP1007,2026-01-03 01:00:00,Mini-Truck,Central,Clear,14.18,1.82,351.2,3.0
SHIP1008,2026-01-03 08:00:00,Bike,Central,Fog,13.01,5.23,525.45,5.0
SHIP1009,2026-01-03 15:00:00,Bike,East,Clear,13.71,3.75,302.82,2.0
SHIP1010,2026-01-03 22:00:00,Van,Central,Storm,31.73,6.11,662.53,4.0
SHIP1011,2026-01-04 05:00:00,Mini-Truck,South,Rain,24.18,4.63,670.51,2.0
SHIP1012,2026-01-04 12:00:00,Bike,East,Clear,14.15,4.16,520.92,5.0
SHIP1013,2026-01-04 19:00:00,Van,Central,Clear,-1.64,2.98,688.95,5.0
SHIP1014,2026-01-05 02:00:00,Van,North,Storm,,2.19,492.7,2.0
SHIP1015,2026-01-05 09:00:00,Van,South,Clear,22.03,3.24,542.22,4.0
SHIP1016,2026-01-05 16:00:00,Van,South,Clear,1.03,2.15,601.43,2.0
SHIP1017,2026-01-05 23:00:00,Truck,South,Clear,20.34,4.28,471.57,5.0
SHIP1018,2026-01-06 06:00:00,Truck,East,Clear,9.48,5.46,4918.168484564807,5.0
SHIP1019,2026-01-06 13:00:00,Van,Central,Rain,18.73,3.19,544.68,3.0
SHIP1020,2026-01-06 20:00:00,Bike,Central,Rain,18.51,,393.38,3.0
SHIP1021,2026-01-07 03:00:00,Van,North,Clear,18.96,2.67,402.3,1.0
SHIP1022,2026-01-07 10:00:00,Van,North,Clear,,3.14,485.75,5.0
SHIP1023,2026-01-07 17:00:00,Truck,South,Rain,14.58,2.52,517.95,3.0
SHIP1024,2026-01-08 00:00:00,Truck,North,Clear,12.23,0.94,468.02,2.0
SHIP1025,2026-01-08 07:00:00,Bike,East,Clear,21.87,3.46,526.29,4.0
SHIP1026,2026-01-08 14:00:00,Van,Central,Fog,24.44,3.65,4763.951110281215,2.0
SHIP1027,2026-01-08 21:00:00,Truck,South,Rain,8.25,4.78,444.88,
SHIP1028,2026-01-09 04:00:00,Truck,North,Rain,17.59,4.45,551.89,3.0
SHIP1029,2026-01-09 11:00:00,Van,East,Fog,19.57,4.47,662.73,1.0
SHIP1030,2026-01-09 18:00:00,Bike,East,Clear,19.47,2.33,705.17,2.0
SHIP1031,2026-01-10 01:00:00,Van,North,Fog,19.33,4.05,501.96,2.0
SHIP1032,2026-01-10 08:00:00,Van,Central,Clear,14.78,5.4,550.8,2.0
SHIP1033,2026-01-10 15:00:00,Mini-Truck,North,Clear,20.23,,687.79,4.0
SHIP1034,2026-01-10 22:00:00,Mini-Truck,South,Clear,22.94,5.69,369.5,3.0
SHIP1035,2026-01-11 05:00:00,Bike,North,Clear,19.13,5.92,525.56,2.0
SHIP1036,2026-01-11 12:00:00,Van,East,Rain,22.05,,542.2,2.0
SHIP1037,2026-01-11 19:00:00,Van,North,Clear,25.92,2.66,623.74,1.0
SHIP1038,2026-01-12 02:00:00,Bike,Central,Clear,3.19,2.59,313.54,1.0
SHIP1039,2026-01-12 09:00:00,Truck,West,Clear,25.55,,4434.745548125947,3.0
SHIP1040,2026-01-12 16:00:00,Van,North,Clear,20.74,2.88,452.57,3.0
SHIP1041,2026-01-12 23:00:00,Truck,Central,Rain,9.11,4.95,495.33,5.0
SHIP1042,2026-01-13 06:00:00,Van,Central,Clear,24.42,0.86,584.74,1.0
SHIP1043,2026-01-13 13:00:00,Mini-Truck,East,Rain,14.81,2.26,512.11,5.0
SHIP1044,2026-01-13 20:00:00,Van,Central,Clear,15.9,3.35,431.83,4.0
SHIP1045,2026-01-14 03:00:00,Bike,Central,Clear,13.94,2.45,,5.0
SHIP1046,2026-01-14 10:00:00,Van,Central,Fog,20.42,2.87,486.13,2.0
SHIP1047,2026-01-14 17:00:00,Truck,Central,Clear,11.72,2.89,659.4,5.0
SHIP1048,2026-01-15 00:00:00,Truck,South,Rain,25.21,3.19,469.88,3.0
SHIP1049,2026-01-15 07:00:00,Van,South,Clear,16.89,-2.62,404.03,4.0
SHIP1050,2026-01-15 14:00:00,Mini-Truck,East,Clear,15.09,2.53,503.95,2.0
SHIP1051,2026-01-15 21:00:00,Bike,North,Storm,24.02,4.62,473.82,5.0
SHIP1052,2026-01-16 04:00:00,Mini-Truck,Central,Clear,15.44,4.76,261.48,4.0
SHIP1053,2026-01-16 11:00:00,Mini-Truck,North,Clear,25.59,1.84,448.12,4.0
SHIP1054,2026-01-16 18:00:00,Truck,North,Rain,25.84,0.19,437.91,2.0
SHIP1055,2026-01-17 01:00:00,Mini-Truck,East,Clear,7.32,4.78,384.74,5.0
SHIP1056,2026-01-17 08:00:00,Van,Central,Fog,26.87,2.03,574.27,4.0
SHIP1057,2026-01-17 15:00:00,Van,Central,Clear,6.3,3.76,355.72,4.0
SHIP1058,2026-01-17 22:00:00,Van,West,Fog,27.37,1.62,504.67,1.0
SHIP1059,2026-01-18 05:00:00,Van,North,Rain,34.23,5.06,432.26,
SHIP1060,2026-01-18 12:00:00,Truck,North,Rain,25.0,6.55,462.92,1.0
SHIP1061,2026-01-18 19:00:00,Van,South,Fog,0.74,3.72,499.41,5.0
SHIP1062,2026-01-19 02:00:00,Bike,West,Clear,26.51,3.39,293.09,5.0
SHIP1063,2026-01-19 09:00:00,Truck,South,Storm,35.97,3.11,473.0,5.0
SHIP1064,2026-01-19 16:00:00,Van,South,Clear,15.58,4.44,724.67,3.0
SHIP1065,2026-01-19 23:00:00,Truck,South,Clear,17.72,-4.18,263.19,5.0
SHIP1066,2026-01-20 06:00:00,Van,East,Clear,8.49,4.7,443.09,4.0
SHIP1067,2026-01-20 13:00:00,Bike,East,Clear,20.5,2.75,584.79,2.0
SHIP1068,2026-01-20 20:00:00,Van,South,Clear,28.15,3.91,486.19,1.0
SHIP1069,2026-01-21 03:00:00,Mini-Truck,West,Fog,23.58,2.85,532.56,3.0
SHIP1070,2026-01-21 10:00:00,bike,North,Fog,389.935395436744,2.23,164.92,5.0
SHIP1071,2026-01-21 17:00:00,Van,West,Storm,18.26,3.45,521.79,5.0
SHIP1072,2026-01-22 00:00:00,Van,Central,Clear,4.95,2.39,358.6,2.0
SHIP1073,2026-01-22 07:00:00,Bike,East,Rain,19.37,4.91,487.19,2.0
SHIP1074,2026-01-22 14:00:00,Bike,North,Clear,-1.33,2.47,446.47,3.0
SHIP1075,2026-01-22 21:00:00,Bike,North,Clear,13.74,3.94,723.4,1.0
SHIP1076,2026-01-23 04:00:00,Bike,Central,Clear,31.0,2.78,515.6,5.0
SHIP1077,2026-01-23 11:00:00,Van,Central,Clear,20.6,3.83,436.49,3.0
SHIP1078,2026-01-23 18:00:00,Truck,South,Rain,19.44,2.87,268.84,4.0
SHIP1079,2026-01-24 01:00:00,Van,East,Clear,32.57,1.99,464.54,
SHIP1080,2026-01-24 08:00:00,Mini-Truck,East,Clear,15.84,4.08,548.79,3.0
SHIP1081,2026-01-24 15:00:00,Bike,West,Clear,28.09,3.22,440.33,5.0
SHIP1082,2026-01-24 22:00:00,Van,South,Clear,19.03,3.84,389.32,3.0
SHIP1083,2026-01-25 05:00:00,Van,South,Clear,21.04,2.99,381.29,5.0
SHIP1084,2026-01-25 12:00:00,Van,South,Storm,8.26,1.91,514.22,2.0
SHIP1085,2026-01-25 19:00:00,Van,South,Clear,14.14,4.8,541.13,3.0
SHIP1086,2026-01-26 02:00:00,Bike,East,Clear,6.82,4.38,613.35,5.0
SHIP1087,2026-01-26 09:00:00,Bike,East,Clear,17.24,2.82,330.6,3.0
SHIP1088,2026-01-26 16:00:00,Mini-Truck,South,Fog,21.12,3.58,513.12,3.0
SHIP1089,2026-01-26 23:00:00,Truck,West,Storm,9.12,4.75,435.4,5.0
SHIP1090,2026-01-27 06:00:00,Van,North,Rain,34.39,2.95,438.93,
SHIP1091,2026-01-27 13:00:00,Bike,North,Rain,20.22,3.14,498.22,1.0
SHIP1092,2026-01-27 20:00:00,Bike,West,Clear,18.46,3.79,498.92,3.0
SHIP1093,2026-01-28 03:00:00,Truck,South,Clear,24.16,2.95,513.45,4.0
SHIP1094,2026-01-28 10:00:00,Bike,East,Storm,11.37,4.53,3384.69272630783,
SHIP1095,2026-01-28 17:00:00,Truck,North,Rain,19.31,3.3,360.02,3.0
SHIP1096,2026-01-29 00:00:00,Truck,Central,Rain,12.27,2.56,628.3,5.0
SHIP1097,2026-01-29 07:00:00,Truck,Central,Rain,30.47,4.23,423.53,3.0
SHIP1098,2026-01-29 14:00:00,Van,West,Rain,9.53,2.13,486.72,
SHIP1099,2026-01-29 21:00:00,Van,South,Rain,18.51,5.92,576.56,4.0
SHIP1100,2026-01-30 04:00:00,Van,North,Storm,20.63,5.4,505.61,5.0
SHIP1101,2026-01-30 11:00:00,Bike,South,Fog,21.16,4.12,515.58,3.0
SHIP1102,2026-01-30 18:00:00,Van,North,Rain,13.35,4.02,557.35,2.0
SHIP1103,2026-01-31 01:00:00,Truck,West,Rain,10.84,3.96,196.0,1.0
SHIP1104,2026-01-31 08:00:00,Mini-Truck,West,Clear,13.47,,391.21,4.0
SHIP1105,2026-01-31 15:00:00,Van,Central,Rain,22.23,3.86,506.23,3.0
SHIP1106,2026-01-31 22:00:00,Truck,South,Clear,16.85,2.39,616.52,2.0
SHIP1107,2026-02-01 05:00:00,bike,Central,Clear,24.37,4.1,457.93,3.0
SHIP1108,2026-02-01 12:00:00,Van,South,Storm,21.82,4.54,348.63,3.0
SHIP1109,2026-02-01 19:00:00,Van,Central,,-0.22,3.05,351.83,5.0
SHIP1110,2026-02-02 02:00:00,Van,East,Clear,19.98,2.79,556.06,5.0
SHIP1111,2026-02-02 09:00:00,Van,East,Clear,36.0,2.05,423.87,5.0
SHIP1112,2026-02-02 16:00:00,Mini-Truck,East,Clear,28.6,5.25,449.14,
SHIP1113,2026-02-02 23:00:00,Bike,East,Rain,21.38,2.88,523.8,3.0
SHIP1114,2026-02-03 06:00:00,Bike,North,Clear,,3.26,101.82,1.0
SHIP1115,2026-02-03 13:00:00,Mini-Truck,East,Clear,21.82,3.86,690.04,4.0
SHIP1116,2026-02-03 20:00:00,Bike,West,Clear,23.92,3.84,362.27,5.0
SHIP1117,2026-02-04 03:00:00,Van,West,Rain,15.97,4.4,479.03,5.0
SHIP1118,2026-02-04 10:00:00,Mini-Truck,North,Rain,20.53,3.04,245.44,3.0
SHIP1119,2026-02-04 17:00:00,Truck,East,Clear,30.08,2.13,399.3,3.0
SHIP1120,2026-02-05 00:00:00,Bike,East,Clear,11.14,1.92,599.36,2.0
SHIP1121,2026-02-05 07:00:00,Mini-Truck,East,Clear,9.53,2.8,220.06,2.0
SHIP1122,2026-02-05 14:00:00,Van,Central,Rain,23.54,2.36,585.14,5.0
SHIP1123,2026-02-05 21:00:00,Van,South,Rain,21.66,3.14,417.16,3.0
SHIP1124,2026-02-06 04:00:00,Van,Central,Clear,26.23,5.07,508.46,1.0
SHIP1125,2026-02-06 11:00:00,Truck,South,Clear,22.56,3.05,528.9,4.0
SHIP1126,2026-02-06 18:00:00,Bike,East,Clear,13.46,3.05,502.97,3.0
SHIP1127,2026-02-07 01:00:00,Mini-Truck,East,Fog,21.46,3.48,346.21,3.0
SHIP1128,2026-02-07 08:00:00,Van,Central,Clear,,3.01,406.25,2.0
SHIP1129,2026-02-07 15:00:00,Truck,Central,Clear,16.0,3.42,274.61,4.0
SHIP1130,2026-02-07 22:00:00,Truck,South,Clear,22.02,4.15,509.02,5.0
SHIP1131,2026-02-08 05:00:00,Van,West,Clear,15.12,4.56,654.25,3.0
SHIP1132,2026-02-08 12:00:00,Van,South,Fog,37.74,4.7,231.07,5.0
SHIP1133,2026-02-08 19:00:00,Van,Central,Clear,2.86,5.97,358.6,3.0
SHIP1134,2026-02-09 02:00:00,Mini-Truck,Central,Rain,13.62,4.18,428.19,5.0
SHIP1135,2026-02-09 09:00:00,Van,North,Rain,10.5,6.18,470.8,4.0
SHIP1136,2026-02-09 16:00:00,Truck,Central,Clear,12.4,2.57,555.5,2.0
SHIP1137,2026-02-09 23:00:00,Bike,North,Clear,12.86,6.01,431.74,4.0
SHIP1138,2026-02-10 06:00:00,Truck,West,Fog,7.39,3.04,412.08,1.0
SHIP1139,2026-02-10 13:00:00,Mini-Truck,South,Clear,24.02,3.16,582.38,2.0
SHIP1140,2026-02-10 20:00:00,Mini-Truck,South,Clear,13.62,3.36,529.44,4.0
SHIP1141,2026-02-11 03:00:00,Van,North,Storm,19.31,3.24,514.68,
SHIP1142,2026-02-11 10:00:00,Truck,South,Clear,14.52,3.6,463.5,3.0
SHIP1143,2026-02-11 17:00:00,Van,Central,Clear,12.47,2.8,567.98,3.0
SHIP1144,2026-02-12 00:00:00,Van,East,Clear,31.38,4.5,371.24,5.0
SHIP1145,2026-02-12 07:00:00,Van,North,Fog,25.38,2.84,354.88,2.0
SHIP1146,2026-02-12 14:00:00,Bike,South,Clear,3.05,4.29,539.53,3.0
SHIP1147,2026-02-12 21:00:00,Truck,North,Clear,2.21,5.33,255.0,2.0
SHIP1148,2026-02-13 04:00:00,Van,North,Clear,26.34,3.07,461.06,3.0
SHIP1149,2026-02-13 11:00:00,Van,East,Clear,13.84,4.45,412.01,5.0
SHIP1150,2026-02-13 18:00:00,Mini-Truck,Central,Clear,4.81,4.17,281.31,4.0
SHIP1151,2026-02-14 01:00:00,Van,North,Clear,26.37,6.2,338.25,5.0
SHIP1152,2026-02-14 08:00:00,Van,South,Clear,19.35,2.89,436.92,1.0
SHIP1153,2026-02-14 15:00:00,Truck,West,Clear,20.01,4.45,574.08,3.0
SHIP1154,2026-02-14 22:00:00,Mini-Truck,North,Clear,24.48,1.55,371.65,1.0
SHIP1155,2026-02-15 05:00:00,van,North,Clear,7.52,2.9,595.61,1.0
SHIP1156,2026-02-15 12:00:00,Bike,East,Clear,4.95,3.92,457.58,2.0
SHIP1157,2026-02-15 19:00:00,Bike,Central,Clear,30.65,5.17,607.25,3.0
SHIP1158,2026-02-16 02:00:00,Van,West,Rain,6.5,,377.46,1.0
SHIP1159,2026-02-16 09:00:00,Bike,South,Clear,8.22,,444.14,4.0
SHIP1160,2026-02-16 16:00:00,Truck,West,Clear,9.82,3.42,494.22,1.0
SHIP1161,2026-02-16 23:00:00,bike,South,Clear,34.64,1.67,428.46,4.0
SHIP1162,2026-02-17 06:00:00,Bike,Central,Fog,21.95,3.72,564.36,
SHIP1163,2026-02-17 13:00:00,Truck,South,Rain,25.72,5.55,185.09,1.0
SHIP1164,2026-02-17 20:00:00,Van,East,Clear,19.57,2.16,740.69,5.0
SHIP1165,2026-02-18 03:00:00,Bike,East,Clear,13.18,3.37,552.93,2.0
SHIP1166,2026-02-18 10:00:00,Van,East,Fog,23.05,2.32,429.18,4.0
SHIP1167,2026-02-18 17:00:00,Van,East,Clear,,2.94,383.72,2.0
SHIP1168,2026-02-19 00:00:00,Van,West,Clear,9.24,5.22,346.03,1.0
SHIP1169,2026-02-19 07:00:00,Truck,Central,Clear,,3.17,527.47,3.0
SHIP1170,2026-02-19 14:00:00,Bike,South,Clear,7.14,5.18,569.4,3.0
SHIP1171,2026-02-19 21:00:00,Van,South,Storm,16.49,4.83,430.5,4.0
SHIP1172,2026-02-20 04:00:00,Truck,East,Rain,16.85,3.06,582.84,4.0
SHIP1173,2026-02-20 11:00:00,Van,East,Clear,13.77,2.9,341.13,3.0
SHIP1174,2026-02-20 18:00:00,Bike,North,Clear,2.39,2.42,319.94,4.0
SHIP1175,2026-02-21 01:00:00,Van,Central,Storm,12.97,2.38,667.6,2.0
SHIP1176,2026-02-21 08:00:00,Bike,West,Fog,11.4,3.92,520.93,5.0
SHIP1177,2026-02-21 15:00:00,Truck,South,Rain,19.29,3.48,617.62,5.0
SHIP1178,2026-02-21 22:00:00,Mini-Truck,North,Fog,,2.75,347.53,2.0
SHIP1179,2026-02-22 05:00:00,Van,North,Storm,21.02,1.64,,5.0
SHIP1180,2026-02-22 12:00:00,Van,South,Rain,12.59,3.63,406.97,1.0
SHIP1181,2026-02-22 19:00:00,Van,West,Clear,22.18,2.94,351.11,
SHIP1182,2026-02-23 02:00:00,Mini-Truck,North,Clear,5.55,3.27,534.64,4.0
SHIP1183,2026-02-23 09:00:00,Mini-Truck,North,Fog,3.42,,359.86,2.0
SHIP1184,2026-02-23 16:00:00,Van,Central,Clear,-0.68,0.5,309.4,3.0
SHIP1185,2026-02-23 23:00:00,Bike,West,Fog,14.01,1.66,467.04,4.0
SHIP1186,2026-02-24 06:00:00,Bike,North,Clear,11.97,6.26,295.2,3.0
SHIP1187,2026-02-24 13:00:00,Truck,West,Clear,24.31,2.89,234.06,4.0
SHIP1188,2026-02-24 20:00:00,Truck,South,Clear,12.81,0.48,465.99,5.0
SHIP1189,2026-02-25 03:00:00,Van,East,Clear,20.19,1.76,240.09,2.0
SHIP1190,2026-02-25 10:00:00,Van,North,Storm,24.51,6.48,543.03,1.0
SHIP1191,2026-02-25 17:00:00,Mini-Truck,Central,Fog,12.51,2.66,282.56,4.0
SHIP1192,2026-02-26 00:00:00,Mini-Truck,South,Fog,20.38,4.89,181.12,4.0
SHIP1193,2026-02-26 07:00:00,Bike,West,Rain,26.02,3.65,,3.0
SHIP1194,2026-02-26 14:00:00,Van,South,Clear,8.09,2.92,467.35,5.0
SHIP1195,2026-02-26 21:00:00,Van,North,Clear,18.2,4.43,508.98,3.0
SHIP1196,2026-02-27 04:00:00,Bike,West,Clear,12.54,0.64,470.64,3.0
SHIP1197,2026-02-27 11:00:00,Mini-Truck,East,Clear,8.6,1.77,322.88,5.0
SHIP1198,2026-02-27 18:00:00,Mini-Truck,South,Clear,5.71,2.91,535.57,1.0
SHIP1199,2026-02-28 01:00:00,Bike,North,Clear,8.47,1.89,565.22,3.0
SHIP1200,2026-02-28 08:00:00,Bike,Central,Clear,18.48,2.8,305.31,3.0
SHIP1201,2026-02-28 15:00:00,van,West,Storm,5.11,,428.28,4.0
SHIP1202,2026-02-28 22:00:00,Van,South,Fog,13.59,3.66,417.07,5.0
SHIP1203,2026-03-01 05:00:00,Mini-Truck,South,Clear,24.51,5.1,476.45,2.0
SHIP1204,2026-03-01 12:00:00,Bike,East,Rain,21.59,3.73,425.41,1.0
SHIP1205,2026-03-01 19:00:00,Van,East,Rain,13.76,4.69,441.85,1.0
SHIP1206,2026-03-02 02:00:00,Van,Central,Clear,,3.42,527.02,5.0
SHIP1207,2026-03-02 09:00:00,Bike,Central,Fog,33.14,2.79,316.34,4.0
SHIP1208,2026-03-02 16:00:00,Van,North,Fog,18.21,5.28,538.48,4.0
SHIP1209,2026-03-02 23:00:00,Van,North,Clear,-1.75,2.65,586.94,5.0
SHIP1210,2026-03-03 06:00:00,Truck,Central,Clear,25.09,3.91,646.1,4.0
SHIP1211,2026-03-03 13:00:00,Bike,Central,Clear,-0.35,4.42,192.8,1.0
SHIP1212,2026-03-03 20:00:00,Bike,West,Clear,29.81,4.51,428.05,1.0
SHIP1213,2026-03-04 03:00:00,Van,East,Clear,26.67,,214.19,2.0
SHIP1214,2026-03-04 10:00:00,Bike,North,Fog,32.19,4.76,157.79,5.0
SHIP1215,2026-03-04 17:00:00,Van,East,Clear,20.08,,467.29,3.0
SHIP1216,2026-03-05 00:00:00,Van,East,Clear,15.11,4.47,402.1,3.0
SHIP1217,2026-03-05 07:00:00,Bike,Central,Fog,14.4,4.14,485.98,2.0
SHIP1218,2026-03-05 14:00:00,Bike,West,Rain,13.63,4.48,508.34,2.0
SHIP1219,2026-03-05 21:00:00,Bike,South,Clear,25.85,2.05,599.75,
SHIP1220,2026-03-06 04:00:00,Bike,West,Clear,23.7,4.21,456.47,2.0
SHIP1221,2026-03-06 11:00:00,Truck,West,Clear,,4.8,800.8,2.0
SHIP1222,2026-03-06 18:00:00,Van,East,Rain,12.22,3.73,486.77,3.0
SHIP1223,2026-03-07 01:00:00,Truck,West,Clear,39.03,2.52,671.1,4.0
SHIP1224,2026-03-07 08:00:00,Van,North,Clear,25.3,4.6,170.06,2.0
SHIP1225,2026-03-07 15:00:00,Van,East,Storm,5.22,3.64,611.97,2.0
SHIP1226,2026-03-07 22:00:00,Mini-Truck,North,Clear,13.87,1.49,428.31,
SHIP1227,2026-03-08 05:00:00,Truck,South,Fog,25.45,2.42,216.2,5.0
SHIP1228,2026-03-08 12:00:00,Mini-Truck,East,Storm,11.6,2.87,500.47,4.0
SHIP1229,2026-03-08 19:00:00,Bike,South,Clear,20.81,5.31,413.65,3.0
SHIP1230,2026-03-09 02:00:00,Bike,East,Fog,25.61,5.1,519.61,5.0
SHIP1231,2026-03-09 09:00:00,Truck,Central,Clear,-9.11,5.09,571.33,1.0
SHIP1232,2026-03-09 16:00:00,Truck,West,Fog,17.14,3.78,271.3,4.0
SHIP1233,2026-03-09 23:00:00,Truck,Central,Clear,17.45,4.6,571.79,3.0
SHIP1234,2026-03-10 06:00:00,Van,South,Rain,14.7,2.13,450.78,5.0
SHIP1235,2026-03-10 13:00:00,Bike,West,Clear,20.41,3.51,612.34,4.0
SHIP1236,2026-03-10 20:00:00,Van,East,Fog,23.26,4.04,425.38,2.0
SHIP1237,2026-03-11 03:00:00,Van,West,Rain,19.14,2.21,393.55,4.0
SHIP1238,2026-03-11 10:00:00,Bike,North,Clear,15.01,3.75,453.25,1.0
SHIP1239,2026-03-11 17:00:00,Van,West,Fog,23.06,5.52,462.22,4.0
SHIP1240,2026-03-12 00:00:00,Mini-Truck,North,Clear,18.39,4.17,370.47,5.0
SHIP1241,2026-03-12 07:00:00,Mini-Truck,West,Clear,16.15,4.6,390.44,5.0
SHIP1242,2026-03-12 14:00:00,Mini-Truck,North,Clear,7.5,0.56,302.77,4.0
SHIP1243,2026-03-12 21:00:00,Truck,South,Clear,5.5,5.37,397.84,5.0
SHIP1244,2026-03-13 04:00:00,Van,Central,,7.35,3.28,531.16,2.0
SHIP1245,2026-03-13 11:00:00,Mini-Truck,East,Fog,20.23,2.58,433.52,4.0
SHIP1246,2026-03-13 18:00:00,Truck,West,Clear,17.37,3.29,571.09,2.0
SHIP1247,2026-03-14 01:00:00,Mini-Truck,Central,Rain,6.16,1.72,427.75,2.0
SHIP1248,2026-03-14 08:00:00,Mini-Truck,East,Clear,23.17,4.76,278.22,3.0
SHIP1249,2026-03-14 15:00:00,Mini-Truck,East,Fog,28.99,3.1,,
SHIP1250,2026-03-14 22:00:00,Van,North,Storm,13.21,2.61,369.17,5.0
SHIP1251,2026-03-15 05:00:00,Truck,South,Clear,4.07,3.3,422.0,2.0
SHIP1252,2026-03-15 12:00:00,mini-truck,South,Fog,12.33,4.84,598.51,3.0
SHIP1253,2026-03-15 19:00:00,Van,Central,Clear,24.84,3.66,310.7,4.0
SHIP1254,2026-03-16 02:00:00,Van,South,Fog,,,,4.0
SHIP1255,2026-03-16 09:00:00,Truck,West,Clear,10.62,4.06,445.14,1.0
SHIP1256,2026-03-16 16:00:00,mini-truck,South,Fog,30.17,2.39,534.11,1.0
SHIP1257,2026-03-16 23:00:00,Bike,Central,Clear,28.79,0.91,552.62,
SHIP1258,2026-03-17 06:00:00,Truck,South,Clear,12.14,5.3,481.66,1.0
SHIP1259,2026-03-17 13:00:00,Van,West,Rain,12.05,4.05,406.76,2.0
SHIP1260,2026-03-17 20:00:00,Bike,North,Clear,,3.41,506.8,5.0
SHIP1261,2026-03-18 03:00:00,Mini-Truck,Central,Clear,13.94,3.09,610.28,
SHIP1262,2026-03-18 10:00:00,Van,North,Clear,25.6,5.18,446.73,1.0
SHIP1263,2026-03-18 17:00:00,Truck,North,Clear,21.4,7.2,417.93,5.0
SHIP1264,2026-03-19 00:00:00,Mini-Truck,North,Clear,25.02,4.04,496.58,1.0
SHIP1265,2026-03-19 07:00:00,Bike,East,Clear,23.39,2.26,454.65,2.0
SHIP1266,2026-03-19 14:00:00,Bike,East,,31.72,3.31,289.47,3.0
SHIP1267,2026-03-19 21:00:00,Bike,North,,9.52,4.02,478.72,4.0
SHIP1268,2026-03-20 04:00:00,Truck,Central,Fog,21.04,0.68,288.39,1.0
SHIP1269,2026-03-20 11:00:00,Van,West,Clear,0.61,3.9,494.94,2.0
SHIP1270,2026-03-20 18:00:00,Bike,West,Clear,7.46,4.02,,5.0
SHIP1271,2026-03-21 01:00:00,Bike,South,Clear,17.4,5.09,454.42,1.0
SHIP1272,2026-03-21 08:00:00,Mini-Truck,Central,Clear,21.35,4.97,496.87,1.0
SHIP1273,2026-03-21 15:00:00,Mini-Truck,East,,17.19,,744.47,4.0
SHIP1274,2026-03-21 22:00:00,Truck,North,Clear,13.46,5.32,539.13,2.0
SHIP1275,2026-03-22 05:00:00,Truck,South,Clear,14.88,5.94,613.78,3.0
SHIP1276,2026-03-22 12:00:00,Bike,West,Rain,28.96,-3.53,674.61,5.0
SHIP1277,2026-03-22 19:00:00,Bike,East,Rain,14.93,4.0,508.71,2.0
SHIP1278,2026-03-23 02:00:00,Bike,East,Clear,31.99,1.38,484.28,5.0
SHIP1279,2026-03-23 09:00:00,Bike,North,Rain,24.35,1.76,321.99,1.0
SHIP1280,2026-03-23 16:00:00,Mini-Truck,West,Fog,21.66,2.49,436.0,4.0
SHIP1281,2026-03-23 23:00:00,Van,Central,Clear,8.45,2.97,363.23,4.0
SHIP1282,2026-03-24 06:00:00,Truck,East,Rain,25.48,2.18,401.87,3.0
SHIP1283,2026-03-24 13:00:00,Van,North,Rain,14.05,3.46,674.48,4.0
SHIP1284,2026-03-24 20:00:00,Truck,Central,Clear,8.44,3.0,463.75,1.0
SHIP1285,2026-03-25 03:00:00,Van,West,Clear,22.1,4.79,344.89,3.0
SHIP1286,2026-03-25 10:00:00,Truck,East,Clear,6.9,2.93,614.94,2.0
SHIP1287,2026-03-25 17:00:00,Truck,Central,Fog,424.3961580187748,0.76,564.63,4.0
SHIP1288,2026-03-26 00:00:00,Van,Central,Storm,17.92,3.65,570.92,
SHIP1289,2026-03-26 07:00:00,Truck,Central,Rain,35.75,3.48,209.26,1.0
SHIP1290,2026-03-26 14:00:00,Van,East,Clear,12.5,2.47,683.84,5.0
SHIP1291,2026-03-26 21:00:00,Van,East,Rain,14.33,3.61,382.98,5.0
SHIP1292,2026-03-27 04:00:00,Bike,South,Clear,23.86,2.21,543.35,1.0
SHIP1293,2026-03-27 11:00:00,Truck,West,Clear,8.09,3.9,752.86,1.0
SHIP1294,2026-03-27 18:00:00,Van,North,Clear,21.54,6.66,708.64,5.0
SHIP1295,2026-03-28 01:00:00,Truck,Central,Fog,27.65,1.33,332.69,3.0
SHIP1296,2026-03-28 08:00:00,Bike,South,Clear,15.54,2.88,276.66,5.0
SHIP1297,2026-03-28 15:00:00,Van,North,Fog,26.21,2.69,621.64,1.0
SHIP1298,2026-03-28 22:00:00,Bike,South,Clear,20.33,2.98,467.05,
SHIP1299,2026-03-29 05:00:00,Van,East,Clear,12.15,4.72,389.89,2.0
SHIP1300,2026-03-29 12:00:00,Van,Central,Clear,16.42,4.15,524.55,4.0
SHIP1301,2026-03-29 19:00:00,Truck,North,Clear,14.96,4.52,430.45,4.0
SHIP1302,2026-03-30 02:00:00,Truck,North,,17.3,3.54,534.16,1.0
SHIP1303,2026-03-30 09:00:00,Bike,North,Clear,19.22,1.91,458.04,5.0
SHIP1304,2026-03-30 16:00:00,Bike,North,Fog,22.71,2.16,536.69,3.0
SHIP1305,2026-03-30 23:00:00,Mini-Truck,North,Clear,22.07,4.4,342.66,4.0
SHIP1306,2026-03-31 06:00:00,Truck,South,Fog,-1.45,3.7,620.94,5.0
SHIP1307,2026-03-31 13:00:00,Van,Central,Clear,17.22,5.01,533.71,3.0
SHIP1308,2026-03-31 20:00:00,Bike,East,Fog,5.92,3.85,527.56,4.0
SHIP1309,2026-04-01 03:00:00,Van,East,Rain,15.79,2.08,315.88,3.0
SHIP1310,2026-04-01 10:00:00,Truck,East,Clear,17.01,2.87,,5.0
SHIP1311,2026-04-01 17:00:00,van,East,Clear,25.81,4.18,448.35,2.0
SHIP1312,2026-04-02 00:00:00,Van,South,Fog,17.76,4.35,537.37,5.0
SHIP1313,2026-04-02 07:00:00,Mini-Truck,West,Storm,20.07,4.53,411.26,1.0
SHIP1314,2026-04-02 14:00:00,Bike,Central,Clear,24.34,2.24,481.31,3.0
SHIP1315,2026-04-02 21:00:00,Bike,North,Rain,27.82,2.06,485.66,2.0
SHIP1316,2026-04-03 04:00:00,Truck,West,Fog,17.02,3.27,111.61,3.0
SHIP1317,2026-04-03 11:00:00,Van,East,Fog,18.75,5.23,519.89,3.0
SHIP1318,2026-04-03 18:00:00,Van,West,Storm,18.08,2.67,685.84,4.0
SHIP1319,2026-04-04 01:00:00,Van,Central,Rain,13.66,4.05,514.77,1.0
SHIP1320,2026-04-04 08:00:00,Truck,North,Clear,11.85,4.05,335.08,3.0
SHIP1321,2026-04-04 15:00:00,Bike,North,Clear,-0.18,4.41,528.0,
SHIP1322,2026-04-04 22:00:00,Bike,Central,Clear,,5.5,,5.0
SHIP1323,2026-04-05 05:00:00,Van,Central,Rain,3.77,5.37,511.5,4.0
SHIP1324,2026-04-05 12:00:00,Mini-Truck,East,Rain,28.04,2.79,441.1,1.0
SHIP1325,2026-04-05 19:00:00,Bike,North,Clear,,0.98,420.94,1.0
SHIP1326,2026-04-06 02:00:00,Truck,West,Fog,16.99,2.69,420.44,5.0
SHIP1327,2026-04-06 09:00:00,Bike,South,Rain,12.26,3.59,533.73,2.0
SHIP1328,2026-04-06 16:00:00,Truck,South,Clear,18.24,3.07,281.15,4.0
SHIP1329,2026-04-06 23:00:00,Van,Central,Clear,11.22,5.86,405.38,4.0
SHIP1330,2026-04-07 06:00:00,Truck,East,Clear,19.39,,641.47,5.0
SHIP1331,2026-04-07 13:00:00,Bike,South,Clear,19.97,4.28,646.1,5.0
SHIP1332,2026-04-07 20:00:00,Van,North,Clear,11.11,3.76,272.62,2.0
SHIP1333,2026-04-08 03:00:00,Van,Central,Clear,10.96,3.08,314.23,2.0
SHIP1334,2026-04-08 10:00:00,Van,West,Clear,25.7,1.19,417.53,1.0
SHIP1335,2026-04-08 17:00:00,Van,Central,Clear,17.58,3.41,557.11,4.0
SHIP1336,2026-04-09 00:00:00,Mini-Truck,West,Clear,11.75,7.41,230.7,4.0
SHIP1337,2026-04-09 07:00:00,Bike,Central,Clear,15.04,2.01,443.42,5.0
SHIP1338,2026-04-09 14:00:00,Truck,Central,Rain,9.92,1.32,393.1,1.0
SHIP1339,2026-04-09 21:00:00,Van,Central,Clear,,5.82,609.12,4.0
SHIP1340,2026-04-10 04:00:00,Truck,West,Fog,24.65,4.39,248.77,1.0
SHIP1341,2026-04-10 11:00:00,Truck,West,Storm,17.78,3.72,461.1,1.0
SHIP1342,2026-04-10 18:00:00,Van,Central,Clear,36.91,5.14,402.77,5.0
SHIP1343,2026-04-11 01:00:00,Truck,South,Clear,,2.5,626.38,1.0
SHIP1344,2026-04-11 08:00:00,Truck,East,Clear,19.84,3.37,521.72,2.0
SHIP1345,2026-04-11 15:00:00,Bike,East,Clear,10.73,4.65,379.7,2.0
SHIP1346,2026-04-11 22:00:00,Bike,East,Rain,16.09,6.03,552.41,3.0
SHIP1347,2026-04-12 05:00:00,Van,West,Clear,11.77,2.1,403.34,5.0
SHIP1348,2026-04-12 12:00:00,Truck,West,Clear,0.67,5.04,569.92,3.0
SHIP1349,2026-04-12 19:00:00,bike,South,Clear,25.79,3.96,421.55,2.0
SHIP1350,2026-04-13 02:00:00,Truck,East,Clear,13.91,3.7,576.56,3.0
SHIP1351,2026-04-13 09:00:00,Mini-Truck,East,Rain,11.92,3.49,502.33,5.0
SHIP1352,2026-04-13 16:00:00,Bike,Central,Clear,19.68,1.84,841.26,5.0
SHIP1353,2026-04-13 23:00:00,Van,West,Clear,334.551351249242,4.66,443.65,1.0
SHIP1354,2026-04-14 06:00:00,Van,East,Clear,15.43,2.56,495.94,4.0
SHIP1355,2026-04-14 13:00:00,Bike,South,Storm,17.98,2.2,392.47,1.0
SHIP1356,2026-04-14 20:00:00,Van,South,Clear,23.97,4.56,450.32,
SHIP1357,2026-04-15 03:00:00,truck,East,Clear,15.12,4.45,125.78,2.0
SHIP1358,2026-04-15 10:00:00,Mini-Truck,West,Rain,20.42,3.59,505.87,
SHIP1359,2026-04-15 17:00:00,Truck,South,Clear,4.73,4.8,611.14,1.0
SHIP1360,2026-04-16 00:00:00,Truck,Central,Storm,8.07,5.21,497.6,5.0
SHIP1361,2026-04-16 07:00:00,Bike,South,Rain,22.84,5.07,292.34,2.0
SHIP1362,2026-04-16 14:00:00,Truck,North,,7.65,2.87,353.79,
SHIP1363,2026-04-16 21:00:00,Truck,North,Rain,19.87,4.72,158.38,2.0
SHIP1364,2026-04-17 04:00:00,Mini-Truck,West,Storm,,3.75,567.47,5.0
SHIP1365,2026-04-17 11:00:00,Truck,East,Fog,15.08,5.57,329.22,3.0
SHIP1366,2026-04-17 18:00:00,Mini-Truck,West,Rain,11.37,3.35,446.55,5.0
SHIP1367,2026-04-18 01:00:00,Mini-Truck,West,Rain,25.27,3.07,431.55,5.0
SHIP1368,2026-04-18 08:00:00,Van,West,Clear,31.84,2.76,628.53,1.0
SHIP1369,2026-04-18 15:00:00,Van,West,Clear,20.4,3.73,460.23,3.0
SHIP1370,2026-04-18 22:00:00,Van,Central,Clear,20.58,,547.07,4.0
SHIP1371,2026-04-19 05:00:00,Van,Central,Clear,12.54,4.08,515.58,1.0
SHIP1372,2026-04-19 12:00:00,Van,South,Clear,8.43,3.92,613.13,4.0
SHIP1373,2026-04-19 19:00:00,Bike,North,Clear,,,421.31,2.0
SHIP1374,2026-04-20 02:00:00,Van,West,Clear,10.21,3.23,674.35,4.0
SHIP1375,2026-04-20 09:00:00,Van,South,Rain,3.82,2.45,211.72,5.0
SHIP1376,2026-04-20 16:00:00,Bike,North,Fog,24.43,,552.9,4.0
SHIP1377,2026-04-20 23:00:00,Van,East,Clear,24.82,4.67,346.01,1.0
SHIP1378,2026-04-21 06:00:00,Bike,Central,Clear,11.13,4.06,390.87,1.0
SHIP1379,2026-04-21 13:00:00,Van,North,Fog,19.95,1.27,,4.0
SHIP1380,2026-04-21 20:00:00,Van,East,,26.02,4.82,517.37,1.0
SHIP1381,2026-04-22 03:00:00,Bike,North,Fog,19.64,5.76,522.77,1.0
SHIP1382,2026-04-22 10:00:00,Bike,Central,Clear,8.45,2.64,283.66,4.0
SHIP1383,2026-04-22 17:00:00,Mini-Truck,Central,Clear,16.14,3.9,623.88,3.0
SHIP1384,2026-04-23 00:00:00,Bike,South,Storm,28.61,2.93,341.92,3.0
SHIP1385,2026-04-23 07:00:00,Bike,West,Clear,19.98,4.25,357.93,2.0
SHIP1386,2026-04-23 14:00:00,Van,North,Rain,22.31,2.1,526.55,1.0
SHIP1387,2026-04-23 21:00:00,Van,North,Fog,20.73,,415.59,4.0
SHIP1388,2026-04-24 04:00:00,Bike,East,Clear,11.16,4.68,486.99,1.0
SHIP1389,2026-04-24 11:00:00,Bike,Central,Rain,,,191.21,5.0
SHIP1390,2026-04-24 18:00:00,Mini-Truck,North,Storm,20.71,4.01,484.12,1.0
SHIP1391,2026-04-25 01:00:00,Truck,Central,Clear,24.53,3.09,476.14,1.0
SHIP1392,2026-04-25 08:00:00,Truck,North,Fog,26.8,1.59,388.82,3.0
SHIP1393,2026-04-25 15:00:00,Bike,South,Clear,11.14,,201.11,4.0
SHIP1394,2026-04-25 22:00:00,Van,West,Rain,21.46,2.94,424.46,1.0
SHIP1395,2026-04-26 05:00:00,Mini-Truck,North,Rain,27.5,2.66,445.52,3.0
SHIP1396,2026-04-26 12:00:00,Mini-Truck,Central,Clear,10.1,3.57,405.93,2.0
SHIP1397,2026-04-26 19:00:00,Truck,South,Fog,29.89,3.09,229.66,3.0
SHIP1398,2026-04-27 02:00:00,Bike,North,Fog,31.11,3.71,641.37,3.0
SHIP1399,2026-04-27 09:00:00,Bike,East,Rain,39.0,4.94,373.34,3.0
SHIP1400,2026-04-27 16:00:00,Van,West,Rain,19.85,3.01,423.34,1.0
SHIP1401,2026-04-27 23:00:00,Mini-Truck,North,Rain,19.89,1.84,160.86,1.0
SHIP1402,2026-04-28 06:00:00,Truck,South,Clear,24.62,2.66,641.38,2.0
SHIP1403,2026-04-28 13:00:00,Bike,East,Rain,24.38,4.2,394.01,5.0
SHIP1404,2026-04-28 20:00:00,Van,South,Clear,27.01,4.31,461.82,5.0
SHIP1405,2026-04-29 03:00:00,Mini-Truck,South,Clear,24.27,3.99,584.49,5.0
SHIP1406,2026-04-29 10:00:00,Truck,East,Rain,17.15,5.06,368.84,
SHIP1407,2026-04-29 17:00:00,Van,South,Clear,27.78,3.28,,5.0
SHIP1408,2026-04-30 00:00:00,Mini-Truck,East,Clear,9.43,5.96,202.64,
SHIP1409,2026-04-30 07:00:00,Van,North,Clear,18.05,4.48,516.12,3.0
SHIP1410,2026-04-30 14:00:00,Van,East,Clear,30.51,0.47,638.67,1.0
SHIP1411,2026-04-30 21:00:00,Mini-Truck,East,Rain,8.0,5.66,380.35,1.0
SHIP1412,2026-05-01 04:00:00,Mini-Truck,West,Clear,12.58,2.58,584.27,3.0
SHIP1413,2026-05-01 11:00:00,Truck,East,Rain,23.37,2.26,670.07,3.0
SHIP1414,2026-05-01 18:00:00,Bike,East,Clear,21.15,4.13,419.42,3.0
SHIP1415,2026-05-02 01:00:00,Truck,North,Rain,11.0,1.41,409.5,
SHIP1416,2026-05-02 08:00:00,Van,West,,14.67,2.67,342.2,5.0
SHIP1417,2026-05-02 15:00:00,Van,Central,Clear,8.55,5.37,388.83,3.0
SHIP1418,2026-05-02 22:00:00,Bike,North,Rain,25.84,4.17,352.16,2.0
SHIP1419,2026-05-03 05:00:00,bike,North,Fog,15.95,4.47,342.11,3.0
SHIP1420,2026-05-03 12:00:00,Bike,Central,Clear,32.34,2.71,593.86,4.0
SHIP1421,2026-05-03 19:00:00,Bike,East,,18.65,1.65,355.21,3.0
SHIP1422,2026-05-04 02:00:00,Van,South,Clear,16.24,4.35,481.02,1.0
SHIP1423,2026-05-04 09:00:00,Truck,West,Clear,15.47,4.62,454.59,3.0
SHIP1424,2026-05-04 16:00:00,Van,South,Rain,,4.56,629.77,4.0
SHIP1425,2026-05-04 23:00:00,Truck,Central,Clear,18.89,3.75,389.62,2.0
SHIP1426,2026-05-05 06:00:00,Truck,North,Clear,38.1,2.34,495.74,5.0
SHIP1427,2026-05-05 13:00:00,Mini-Truck,North,Clear,15.29,6.43,544.93,3.0
SHIP1428,2026-05-05 20:00:00,Truck,West,Clear,15.55,4.08,628.77,4.0
SHIP1429,2026-05-06 03:00:00,van,North,Clear,18.52,3.29,387.87,4.0
SHIP1430,2026-05-06 10:00:00,Van,North,Clear,26.72,3.3,,2.0
SHIP1431,2026-05-06 17:00:00,Bike,West,Clear,6.63,3.68,322.59,1.0
SHIP1432,2026-05-07 00:00:00,Bike,West,Clear,21.64,,718.36,3.0
SHIP1433,2026-05-07 07:00:00,Van,Central,Fog,11.46,,616.14,4.0
SHIP1434,2026-05-07 14:00:00,Van,North,Clear,22.43,4.53,444.94,2.0
SHIP1435,2026-05-07 21:00:00,Bike,North,Storm,14.05,3.68,681.77,5.0
SHIP1436,2026-05-08 04:00:00,Van,Central,Clear,-0.43,3.37,437.78,4.0
SHIP1437,2026-05-08 11:00:00,Bike,East,Fog,20.96,4.27,536.93,2.0
SHIP1438,2026-05-08 18:00:00,Bike,East,Rain,20.89,4.22,451.22,1.0
SHIP1439,2026-05-09 01:00:00,Van,East,Rain,13.37,3.3,497.74,1.0
SHIP1440,2026-05-09 08:00:00,Van,Central,Rain,12.89,2.6,485.01,4.0
SHIP1441,2026-05-09 15:00:00,Mini-Truck,North,Clear,7.51,3.91,399.0,4.0
SHIP1442,2026-05-09 22:00:00,Truck,Central,Clear,24.18,3.59,581.1,3.0
SHIP1443,2026-05-10 05:00:00,Truck,Central,Clear,25.06,2.83,535.91,2.0
SHIP1444,2026-05-10 12:00:00,Bike,East,Clear,10.97,2.49,,4.0
SHIP1445,2026-05-10 19:00:00,Mini-Truck,South,Clear,13.68,3.99,488.43,3.0
SHIP1446,2026-05-11 02:00:00,Mini-Truck,North,Clear,17.49,4.16,341.21,3.0
SHIP1447,2026-05-11 09:00:00,Bike,East,Rain,36.17,3.07,655.13,4.0
SHIP1448,2026-05-11 16:00:00,Truck,South,Clear,22.36,,418.49,1.0
SHIP1449,2026-05-11 23:00:00,Van,South,Rain,10.45,2.5,493.69,2.0
SHIP1450,2026-05-12 06:00:00,Bike,West,Rain,20.43,3.96,526.25,
SHIP1451,2026-05-12 13:00:00,Truck,North,Storm,6.99,2.54,492.89,1.0
SHIP1452,2026-05-12 20:00:00,Truck,South,Clear,23.74,6.19,559.85,4.0
SHIP1453,2026-05-13 03:00:00,Mini-Truck,East,Clear,31.4,3.01,578.81,2.0
SHIP1454,2026-05-13 10:00:00,Van,West,Clear,31.44,0.59,423.02,4.0
SHIP1455,2026-05-13 17:00:00,Truck,North,Clear,23.88,3.46,645.06,4.0
SHIP1456,2026-05-14 00:00:00,Van,Central,Fog,13.33,3.41,417.97,3.0
SHIP1457,2026-05-14 07:00:00,Truck,East,Clear,7.59,4.83,490.41,1.0
SHIP1458,2026-05-14 14:00:00,Van,South,Rain,6.8,3.85,403.48,4.0
SHIP1459,2026-05-14 21:00:00,Van,South,Clear,-4.45,2.5,369.18,5.0
SHIP1460,2026-05-15 04:00:00,Van,East,Rain,23.55,3.16,575.3,
SHIP1461,2026-05-15 11:00:00,Bike,South,Rain,17.18,3.89,824.63,2.0
SHIP1462,2026-05-15 18:00:00,Bike,West,Clear,25.27,0.9,406.59,3.0
SHIP1463,2026-05-16 01:00:00,Truck,North,Clear,29.42,5.11,595.84,2.0
SHIP1464,2026-05-16 08:00:00,Mini-Truck,West,Clear,18.8,2.5,410.89,2.0
SHIP1465,2026-05-16 15:00:00,Truck,South,Clear,19.17,5.2,448.74,
SHIP1466,2026-05-16 22:00:00,Van,Central,Clear,14.29,3.97,660.91,2.0
SHIP1467,2026-05-17 05:00:00,Mini-Truck,North,Clear,15.23,4.26,321.18,4.0
SHIP1468,2026-05-17 12:00:00,Van,North,Clear,23.83,4.88,,2.0
SHIP1469,2026-05-17 19:00:00,Mini-Truck,East,Clear,16.6,4.19,439.54,3.0
SHIP1470,2026-05-18 02:00:00,Van,East,Clear,15.45,4.31,529.64,3.0
SHIP1471,2026-05-18 09:00:00,Mini-Truck,Central,Rain,17.85,3.3,505.64,5.0
SHIP1472,2026-05-18 16:00:00,Van,North,Clear,25.09,3.95,493.28,3.0
SHIP1473,2026-05-18 23:00:00,Mini-Truck,Central,Rain,12.46,2.8,454.1,
SHIP1474,2026-05-19 06:00:00,Truck,East,Clear,17.47,3.09,544.38,
SHIP1475,2026-05-19 13:00:00,Mini-Truck,East,Clear,19.96,5.86,100.36,1.0
SHIP1476,2026-05-19 20:00:00,Van,North,Fog,,2.53,359.9,3.0
SHIP1477,2026-05-20 03:00:00,Truck,West,Clear,16.09,3.69,438.77,4.0
SHIP1478,2026-05-20 10:00:00,Mini-Truck,South,Clear,12.26,3.64,534.54,1.0
SHIP1479,2026-05-20 17:00:00,Truck,East,Clear,14.13,3.13,628.77,5.0
SHIP1480,2026-05-21 00:00:00,Bike,East,Clear,26.42,4.12,343.79,4.0
SHIP1481,2026-05-21 07:00:00,Bike,West,Clear,34.27,4.21,624.85,2.0
SHIP1482,2026-05-21 14:00:00,Truck,West,Clear,7.49,2.39,,2.0
SHIP1483,2026-05-21 21:00:00,Bike,Central,Fog,9.24,3.62,434.41,2.0
SHIP1484,2026-05-22 04:00:00,Truck,Central,Clear,16.65,2.2,519.77,4.0
SHIP1485,2026-05-22 11:00:00,mini-truck,South,Clear,18.89,4.45,425.61,4.0
SHIP1486,2026-05-22 18:00:00,Van,South,Clear,24.3,3.71,583.21,4.0
SHIP1487,2026-05-23 01:00:00,Van,North,Rain,10.87,3.6,401.45,1.0
SHIP1488,2026-05-23 08:00:00,Mini-Truck,Central,Clear,9.5,4.29,403.26,1.0
SHIP1489,2026-05-23 15:00:00,Mini-Truck,East,Clear,19.1,3.17,576.24,2.0
SHIP1490,2026-05-23 22:00:00,Truck,Central,Clear,15.93,4.6,358.43,3.0
SHIP1491,2026-05-24 05:00:00,Bike,East,Fog,25.41,2.36,479.87,2.0
SHIP1492,2026-05-24 12:00:00,van,West,Clear,21.9,5.19,250.74,5.0
SHIP1493,2026-05-24 19:00:00,Van,Central,Clear,22.44,2.84,668.36,1.0
SHIP1494,2026-05-25 02:00:00,Truck,West,Clear,369.0529104114106,1.46,594.79,4.0
SHIP1495,2026-05-25 09:00:00,truck,South,Rain,36.84,3.11,780.01,1.0
SHIP1496,2026-05-25 16:00:00,Truck,South,Clear,11.3,2.97,610.6,4.0
SHIP1497,2026-05-25 23:00:00,Van,North,Clear,22.89,3.1,314.44,5.0
SHIP1498,2026-05-26 06:00:00,Mini-Truck,Central,Rain,7.84,,530.24,5.0
SHIP1499,2026-05-26 13:00:00,Mini-Truck,West,Rain,9.41,,339.84,1.0
SHIP1304,2026-03-30 16:00:00,Bike,North,Fog,22.71,2.16,536.69,3.0
SHIP1340,2026-04-10 04:00:00,Truck,West,Fog,24.65,4.39,248.77,1.0
SHIP1047,2026-01-14 17:00:00,Truck,Central,Clear,11.72,2.89,659.4,5.0
SHIP1067,2026-01-20 13:00:00,Bike,East,Clear,20.5,2.75,584.79,2.0
SHIP1479,2026-05-20 17:00:00,Truck,East,Clear,14.13,3.13,628.77,5.0
SHIP1485,2026-05-22 11:00:00,Mini-Truck,South,Clear,18.89,4.45,425.61,4.0
SHIP1310,2026-04-01 10:00:00,Truck,East,Clear,17.01,2.87,,5.0
SHIP1031,2026-01-10 01:00:00,Van,North,Fog,19.33,4.05,501.96,2.0
SHIP1249,2026-03-14 15:00:00,Mini-Truck,East,Fog,28.99,3.1,,
SHIP1090,2026-01-27 06:00:00,Van,North,Rain,34.39,2.95,438.93,
